{
  "buckets": {
    "<0": {
      "tp": 45,
      "fn": 302,
      "n_truth": 347,
      "recall": 0.12968299711815562
    },
    "0-5": {
      "tp": 47,
      "fn": 114,
      "n_truth": 161,
      "recall": 0.2919254658385093
    },
    "5-8": {
      "tp": 68,
      "fn": 91,
      "n_truth": 159,
      "recall": 0.4276729559748428
    },
    "8-12": {
      "tp": 53,
      "fn": 44,
      "n_truth": 97,
      "recall": 0.5463917525773195
    },
    "12-20": {
      "tp": 30,
      "fn": 22,
      "n_truth": 52,
      "recall": 0.5769230769230769
    },
    ">=20": {
      "tp": 0,
      "fn": 0,
      "n_truth": 0,
      "recall": NaN
    }
  },
  "overall": {
    "precision": 0.02415747092156278,
    "recall": 0.2977941176470588,
    "f1": 0.04468965517241379,
    "tp": 243,
    "fp": 9816,
    "total_truth": 816
  },
  "acceptance_gate": {
    "snr_threshold_db": 8.0,
    "target_recall": 0.8,
    "actual_recall": 0.5570469798657718,
    "tp": 83,
    "fn": 66,
    "n_truth": 149,
    "passed": false
  }
}