{
  "buckets": {
    "<0": {
      "tp": 54,
      "fn": 293,
      "n_truth": 347,
      "recall": 0.15561959654178675
    },
    "0-5": {
      "tp": 53,
      "fn": 108,
      "n_truth": 161,
      "recall": 0.32919254658385094
    },
    "5-8": {
      "tp": 79,
      "fn": 80,
      "n_truth": 159,
      "recall": 0.4968553459119497
    },
    "8-12": {
      "tp": 57,
      "fn": 40,
      "n_truth": 97,
      "recall": 0.5876288659793815
    },
    "12-20": {
      "tp": 34,
      "fn": 18,
      "n_truth": 52,
      "recall": 0.6538461538461539
    },
    ">=20": {
      "tp": 0,
      "fn": 0,
      "n_truth": 0,
      "recall": NaN
    }
  },
  "overall": {
    "precision": 0.030062947688300413,
    "recall": 0.3394607843137255,
    "f1": 0.055234297108673974,
    "tp": 277,
    "fp": 8937,
    "total_truth": 816
  },
  "acceptance_gate": {
    "snr_threshold_db": 8.0,
    "target_recall": 0.8,
    "actual_recall": 0.610738255033557,
    "tp": 91,
    "fn": 58,
    "n_truth": 149,
    "passed": false
  }
}