{
  "buckets": {
    "<0": {
      "tp": 56,
      "fn": 291,
      "n_truth": 347,
      "recall": 0.16138328530259366
    },
    "0-5": {
      "tp": 59,
      "fn": 102,
      "n_truth": 161,
      "recall": 0.36645962732919257
    },
    "5-8": {
      "tp": 82,
      "fn": 77,
      "n_truth": 159,
      "recall": 0.5157232704402516
    },
    "8-12": {
      "tp": 59,
      "fn": 38,
      "n_truth": 97,
      "recall": 0.6082474226804123
    },
    "12-20": {
      "tp": 31,
      "fn": 21,
      "n_truth": 52,
      "recall": 0.5961538461538461
    },
    ">=20": {
      "tp": 0,
      "fn": 0,
      "n_truth": 0,
      "recall": NaN
    }
  },
  "overall": {
    "precision": 0.03131478450627387,
    "recall": 0.35171568627450983,
    "f1": 0.05750926760845607,
    "tp": 287,
    "fp": 8878,
    "total_truth": 816
  },
  "acceptance_gate": {
    "snr_threshold_db": 8.0,
    "target_recall": 0.8,
    "actual_recall": 0.6040268456375839,
    "tp": 90,
    "fn": 59,
    "n_truth": 149,
    "passed": false
  }
}