{
  "buckets": {
    "<0": {
      "tp": 34,
      "fn": 313,
      "n_truth": 347,
      "recall": 0.09798270893371758
    },
    "0-5": {
      "tp": 39,
      "fn": 122,
      "n_truth": 161,
      "recall": 0.2422360248447205
    },
    "5-8": {
      "tp": 56,
      "fn": 103,
      "n_truth": 159,
      "recall": 0.3522012578616352
    },
    "8-12": {
      "tp": 42,
      "fn": 55,
      "n_truth": 97,
      "recall": 0.4329896907216495
    },
    "12-20": {
      "tp": 27,
      "fn": 25,
      "n_truth": 52,
      "recall": 0.5192307692307693
    },
    ">=20": {
      "tp": 0,
      "fn": 0,
      "n_truth": 0,
      "recall": NaN
    }
  },
  "overall": {
    "precision": 0.01875177573633867,
    "recall": 0.2426470588235294,
    "f1": 0.03481318681318682,
    "tp": 198,
    "fp": 10361,
    "total_truth": 816
  },
  "acceptance_gate": {
    "snr_threshold_db": 8.0,
    "target_recall": 0.8,
    "actual_recall": 0.46308724832214765,
    "tp": 69,
    "fn": 80,
    "n_truth": 149,
    "passed": false
  }
}