{
  "buckets": {
    "<0": {
      "tp": 55,
      "fn": 292,
      "n_truth": 347,
      "recall": 0.1585014409221902
    },
    "0-5": {
      "tp": 57,
      "fn": 104,
      "n_truth": 161,
      "recall": 0.35403726708074534
    },
    "5-8": {
      "tp": 77,
      "fn": 82,
      "n_truth": 159,
      "recall": 0.48427672955974843
    },
    "8-12": {
      "tp": 59,
      "fn": 38,
      "n_truth": 97,
      "recall": 0.6082474226804123
    },
    "12-20": {
      "tp": 35,
      "fn": 17,
      "n_truth": 52,
      "recall": 0.6730769230769231
    },
    ">=20": {
      "tp": 0,
      "fn": 0,
      "n_truth": 0,
      "recall": NaN
    }
  },
  "overall": {
    "precision": 0.03346736045411542,
    "recall": 0.34681372549019607,
    "f1": 0.06104400345125108,
    "tp": 283,
    "fp": 8173,
    "total_truth": 816
  },
  "acceptance_gate": {
    "snr_threshold_db": 8.0,
    "target_recall": 0.8,
    "actual_recall": 0.6308724832214765,
    "tp": 94,
    "fn": 55,
    "n_truth": 149,
    "passed": false
  }
}