{
  "buckets": {
    "<0": {
      "tp": 49,
      "fn": 298,
      "n_truth": 347,
      "recall": 0.14121037463976946
    },
    "0-5": {
      "tp": 48,
      "fn": 113,
      "n_truth": 161,
      "recall": 0.2981366459627329
    },
    "5-8": {
      "tp": 75,
      "fn": 84,
      "n_truth": 159,
      "recall": 0.4716981132075472
    },
    "8-12": {
      "tp": 54,
      "fn": 43,
      "n_truth": 97,
      "recall": 0.5567010309278351
    },
    "12-20": {
      "tp": 32,
      "fn": 20,
      "n_truth": 52,
      "recall": 0.6153846153846154
    },
    ">=20": {
      "tp": 0,
      "fn": 0,
      "n_truth": 0,
      "recall": NaN
    }
  },
  "overall": {
    "precision": 0.025707453168593065,
    "recall": 0.3161764705882353,
    "f1": 0.047548838923700695,
    "tp": 258,
    "fp": 9778,
    "total_truth": 816
  },
  "acceptance_gate": {
    "snr_threshold_db": 8.0,
    "target_recall": 0.8,
    "actual_recall": 0.5771812080536913,
    "tp": 86,
    "fn": 63,
    "n_truth": 149,
    "passed": false
  }
}