{
  "buckets": {
    "<0": {
      "tp": 70,
      "fn": 162,
      "n_truth": 232,
      "recall": 0.3017241379310345
    },
    "0-5": {
      "tp": 164,
      "fn": 134,
      "n_truth": 298,
      "recall": 0.5503355704697986
    },
    "5-8": {
      "tp": 149,
      "fn": 103,
      "n_truth": 252,
      "recall": 0.5912698412698413
    },
    "8-12": {
      "tp": 233,
      "fn": 130,
      "n_truth": 363,
      "recall": 0.6418732782369146
    },
    "12-20": {
      "tp": 80,
      "fn": 27,
      "n_truth": 107,
      "recall": 0.7476635514018691
    },
    ">=20": {
      "tp": 0,
      "fn": 0,
      "n_truth": 0,
      "recall": NaN
    }
  },
  "overall": {
    "precision": 0.3743948359332975,
    "recall": 0.5559105431309904,
    "f1": 0.4474445515911282,
    "tp": 696,
    "fp": 1163,
    "total_truth": 1252
  },
  "acceptance_gate": {
    "snr_threshold_db": 8.0,
    "target_recall": 0.8,
    "actual_recall": 0.6659574468085107,
    "tp": 313,
    "fn": 157,
    "n_truth": 470,
    "passed": false
  }
}