{
  "buckets": {
    "<0": {
      "tp": 59,
      "fn": 288,
      "n_truth": 347,
      "recall": 0.17002881844380405
    },
    "0-5": {
      "tp": 51,
      "fn": 110,
      "n_truth": 161,
      "recall": 0.3167701863354037
    },
    "5-8": {
      "tp": 83,
      "fn": 76,
      "n_truth": 159,
      "recall": 0.5220125786163522
    },
    "8-12": {
      "tp": 55,
      "fn": 42,
      "n_truth": 97,
      "recall": 0.5670103092783505
    },
    "12-20": {
      "tp": 32,
      "fn": 20,
      "n_truth": 52,
      "recall": 0.6153846153846154
    },
    ">=20": {
      "tp": 0,
      "fn": 0,
      "n_truth": 0,
      "recall": NaN
    }
  },
  "overall": {
    "precision": 0.029557690277631162,
    "recall": 0.3431372549019608,
    "f1": 0.0544270580231315,
    "tp": 280,
    "fp": 9193,
    "total_truth": 816
  },
  "acceptance_gate": {
    "snr_threshold_db": 8.0,
    "target_recall": 0.8,
    "actual_recall": 0.5838926174496645,
    "tp": 87,
    "fn": 62,
    "n_truth": 149,
    "passed": false
  }
}