{
  "buckets": {
    "<0": {
      "tp": 35,
      "fn": 312,
      "n_truth": 347,
      "recall": 0.10086455331412104
    },
    "0-5": {
      "tp": 35,
      "fn": 126,
      "n_truth": 161,
      "recall": 0.21739130434782608
    },
    "5-8": {
      "tp": 64,
      "fn": 95,
      "n_truth": 159,
      "recall": 0.4025157232704403
    },
    "8-12": {
      "tp": 41,
      "fn": 56,
      "n_truth": 97,
      "recall": 0.422680412371134
    },
    "12-20": {
      "tp": 24,
      "fn": 28,
      "n_truth": 52,
      "recall": 0.46153846153846156
    },
    ">=20": {
      "tp": 0,
      "fn": 0,
      "n_truth": 0,
      "recall": NaN
    }
  },
  "overall": {
    "precision": 0.01980690753458744,
    "recall": 0.24387254901960784,
    "f1": 0.036638129430175824,
    "tp": 199,
    "fp": 9848,
    "total_truth": 816
  },
  "acceptance_gate": {
    "snr_threshold_db": 8.0,
    "target_recall": 0.8,
    "actual_recall": 0.436241610738255,
    "tp": 65,
    "fn": 84,
    "n_truth": 149,
    "passed": false
  }
}