{
  "buckets": {
    "<0": {
      "tp": 50,
      "fn": 297,
      "n_truth": 347,
      "recall": 0.1440922190201729
    },
    "0-5": {
      "tp": 55,
      "fn": 106,
      "n_truth": 161,
      "recall": 0.3416149068322981
    },
    "5-8": {
      "tp": 76,
      "fn": 83,
      "n_truth": 159,
      "recall": 0.4779874213836478
    },
    "8-12": {
      "tp": 57,
      "fn": 40,
      "n_truth": 97,
      "recall": 0.5876288659793815
    },
    "12-20": {
      "tp": 34,
      "fn": 18,
      "n_truth": 52,
      "recall": 0.6538461538461539
    },
    ">=20": {
      "tp": 0,
      "fn": 0,
      "n_truth": 0,
      "recall": NaN
    }
  },
  "overall": {
    "precision": 0.03048302140535694,
    "recall": 0.3333333333333333,
    "f1": 0.055857890953896705,
    "tp": 272,
    "fp": 8651,
    "total_truth": 816
  },
  "acceptance_gate": {
    "snr_threshold_db": 8.0,
    "target_recall": 0.8,
    "actual_recall": 0.610738255033557,
    "tp": 91,
    "fn": 58,
    "n_truth": 149,
    "passed": false
  }
}