{
  "buckets": {
    "<0": {
      "tp": 51,
      "fn": 296,
      "n_truth": 347,
      "recall": 0.14697406340057637
    },
    "0-5": {
      "tp": 52,
      "fn": 109,
      "n_truth": 161,
      "recall": 0.32298136645962733
    },
    "5-8": {
      "tp": 79,
      "fn": 80,
      "n_truth": 159,
      "recall": 0.4968553459119497
    },
    "8-12": {
      "tp": 56,
      "fn": 41,
      "n_truth": 97,
      "recall": 0.5773195876288659
    },
    "12-20": {
      "tp": 30,
      "fn": 22,
      "n_truth": 52,
      "recall": 0.5769230769230769
    },
    ">=20": {
      "tp": 0,
      "fn": 0,
      "n_truth": 0,
      "recall": NaN
    }
  },
  "overall": {
    "precision": 0.027498460907038787,
    "recall": 0.3284313725490196,
    "f1": 0.05074796440068169,
    "tp": 268,
    "fp": 9478,
    "total_truth": 816
  },
  "acceptance_gate": {
    "snr_threshold_db": 8.0,
    "target_recall": 0.8,
    "actual_recall": 0.5771812080536913,
    "tp": 86,
    "fn": 63,
    "n_truth": 149,
    "passed": false
  }
}