{
  "buckets": {
    "<0": {
      "tp": 58,
      "fn": 289,
      "n_truth": 347,
      "recall": 0.16714697406340057
    },
    "0-5": {
      "tp": 58,
      "fn": 103,
      "n_truth": 161,
      "recall": 0.36024844720496896
    },
    "5-8": {
      "tp": 85,
      "fn": 74,
      "n_truth": 159,
      "recall": 0.5345911949685535
    },
    "8-12": {
      "tp": 57,
      "fn": 40,
      "n_truth": 97,
      "recall": 0.5876288659793815
    },
    "12-20": {
      "tp": 35,
      "fn": 17,
      "n_truth": 52,
      "recall": 0.6730769230769231
    },
    ">=20": {
      "tp": 0,
      "fn": 0,
      "n_truth": 0,
      "recall": NaN
    }
  },
  "overall": {
    "precision": 0.03285121650409239,
    "recall": 0.3590686274509804,
    "f1": 0.06019517205957884,
    "tp": 293,
    "fp": 8626,
    "total_truth": 816
  },
  "acceptance_gate": {
    "snr_threshold_db": 8.0,
    "target_recall": 0.8,
    "actual_recall": 0.6174496644295302,
    "tp": 92,
    "fn": 57,
    "n_truth": 149,
    "passed": false
  }
}