{
  "buckets": {
    "<0": {
      "tp": 41,
      "fn": 306,
      "n_truth": 347,
      "recall": 0.11815561959654179
    },
    "0-5": {
      "tp": 76,
      "fn": 85,
      "n_truth": 161,
      "recall": 0.4720496894409938
    },
    "5-8": {
      "tp": 101,
      "fn": 58,
      "n_truth": 159,
      "recall": 0.6352201257861635
    },
    "8-12": {
      "tp": 57,
      "fn": 40,
      "n_truth": 97,
      "recall": 0.5876288659793815
    },
    "12-20": {
      "tp": 45,
      "fn": 7,
      "n_truth": 52,
      "recall": 0.8653846153846154
    },
    ">=20": {
      "tp": 0,
      "fn": 0,
      "n_truth": 0,
      "recall": NaN
    }
  },
  "overall": {
    "precision": 0.057981518391012864,
    "recall": 0.39215686274509803,
    "f1": 0.10102604577742699,
    "tp": 320,
    "fp": 5199,
    "total_truth": 816
  },
  "acceptance_gate": {
    "snr_threshold_db": 8.0,
    "target_recall": 0.8,
    "actual_recall": 0.6845637583892618,
    "tp": 102,
    "fn": 47,
    "n_truth": 149,
    "passed": false
  }
}