{
  "alpha_levels": [
    0.01,
    0.02,
    0.03,
    0.04,
    0.05,
    0.06,
    0.07,
    0.08,
    0.09,
    0.1,
    0.11,
    0.12,
    0.13,
    0.14,
    0.15,
    0.16,
    0.17,
    0.18,
    0.19,
    0.2,
    0.21,
    0.22,
    0.23,
    0.24,
    0.25,
    0.26,
    0.27,
    0.28,
    0.29,
    0.3,
    0.31,
    0.32,
    0.33,
    0.34,
    0.35,
    0.36,
    0.37,
    0.38,
    0.39,
    0.4,
    0.41,
    0.42,
    0.43,
    0.44,
    0.45,
    0.46,
    0.47,
    0.48,
    0.49,
    0.5
  ],
  "q_positive": {
    "0.01": 0.9992988534504548,
    "0.02": 0.9992988534504548,
    "0.03": 0.9991754551499864,
    "0.04": 0.9986866028493944,
    "0.05": 0.9971446285675716,
    "0.06": 0.9945975469742366,
    "0.07": 0.9944552952483138,
    "0.08": 0.994100840147981,
    "0.09": 0.9907028318055846,
    "0.1": 0.9637100440549089,
    "0.11": 0.8170842151851105,
    "0.12": 0.7925541385057124,
    "0.13": 0.6225620671472661,
    "0.14": 0.5879847889250898,
    "0.15": 0.34242431534097295,
    "0.16": 0.2219282845233347,
    "0.17": 0.03316363628874534,
    "0.18": 2.144752664768948e-05,
    "0.19": 1.4352037551555262e-05,
    "0.2": 1.1740846836820558e-05,
    "0.21": 1.1740846836820558e-05,
    "0.22": 1.130142110459348e-05,
    "0.23": 1.0514512975165182e-05,
    "0.24": 9.848716411184751e-06,
    "0.25": 7.478480643414427e-06,
    "0.26": 6.074601031364282e-06,
    "0.27": 5.7524823127908905e-06,
    "0.28": 5.590788861538502e-06,
    "0.29": 5.112049427438296e-06,
    "0.3": 4.692280546147774e-06,
    "0.31": 3.7944063227227346e-06,
    "0.32": 3.4570693969726562e-06,
    "0.33": 3.0512505389274408e-06,
    "0.34": 2.621336186185797e-06,
    "0.35": 2.346140273073885e-06,
    "0.36": 2.2262968915574095e-06,
    "0.37": 1.8249166772720673e-06,
    "0.38": 1.4970911310074168e-06,
    "0.39": 1.3569568065886804e-06,
    "0.4": 1.3113021850585938e-06,
    "0.41": 1.3113021850585938e-06,
    "0.42": 1.3113021850585938e-06,
    "0.43": 1.3113021850585938e-06,
    "0.44": 1.3113021850585938e-06,
    "0.45": 1.2104815625129864e-06,
    "0.46": 1.0995154685162484e-06,
    "0.47": 1.0728836059570312e-06,
    "0.48": 1.0728836059570312e-06,
    "0.49": 1.0728836059570312e-06,
    "0.5": 9.207015341900744e-07
  },
  "q_negative": {
    "0.01": 0.198194682598114,
    "0.02": 0.198194682598114,
    "0.03": 0.19816263470538828,
    "0.04": 0.19811216066049975,
    "0.05": 0.19811096787452698,
    "0.06": 0.19811096787452698,
    "0.07": 0.16922856849986456,
    "0.08": 0.16922856849986456,
    "0.09": 0.16744570434093475,
    "0.1": 0.0497328275164887,
    "0.11": 0.039067773018465486,
    "0.12": 0.038564665936106864,
    "0.13": 0.03850867599248886,
    "0.14": 0.03850867599248886,
    "0.15": 0.03850867599248886,
    "0.16": 0.03850867599248886,
    "0.17": 0.038369626110029774,
    "0.18": 0.024733671355386205,
    "0.19": 0.021846401115316293,
    "0.2": 0.02170622764631759,
    "0.21": 0.021685808897018433,
    "0.22": 0.021685808897018433,
    "0.23": 0.021685808897018433,
    "0.24": 0.021685808897018433,
    "0.25": 0.021426321158922,
    "0.26": 0.012350407883871449,
    "0.27": 0.009435128897081974,
    "0.28": 0.009432218968868256,
    "0.29": 0.009432218968868256,
    "0.3": 0.00913250631501162,
    "0.31": 0.00913250631501162,
    "0.32": 0.006835560595919927,
    "0.33": 0.0058854380297626175,
    "0.34": 0.0058817737735807896,
    "0.35": 0.0058817737735807896,
    "0.36": 0.005644762054692176,
    "0.37": 0.005514998660357886,
    "0.38": 0.005513424519449472,
    "0.39": 0.005513424519449472,
    "0.4": 0.005513424519449472,
    "0.41": 0.005513424519449472,
    "0.42": 0.004959154944477046,
    "0.43": 0.004423852143592614,
    "0.44": 0.004312308505177498,
    "0.45": 0.004312308505177498,
    "0.46": 0.004101778153156817,
    "0.47": 0.004101778153156817,
    "0.48": 0.003911852836608887,
    "0.49": 0.003481350248939427,
    "0.5": 0.0030228160538299143
  },
  "n_cal": 180,
  "n_cal_positives": 94,
  "n_cal_negatives": 86,
  "finite_sample_bound_positive": 0.10314212462587934,
  "finite_sample_bound_negative": 0.10783277320343841
}