{
  "buckets": {
    "<0": {
      "tp": 53,
      "fn": 294,
      "n_truth": 347,
      "recall": 0.15273775216138327
    },
    "0-5": {
      "tp": 61,
      "fn": 100,
      "n_truth": 161,
      "recall": 0.37888198757763975
    },
    "5-8": {
      "tp": 78,
      "fn": 81,
      "n_truth": 159,
      "recall": 0.49056603773584906
    },
    "8-12": {
      "tp": 59,
      "fn": 38,
      "n_truth": 97,
      "recall": 0.6082474226804123
    },
    "12-20": {
      "tp": 35,
      "fn": 17,
      "n_truth": 52,
      "recall": 0.6730769230769231
    },
    ">=20": {
      "tp": 0,
      "fn": 0,
      "n_truth": 0,
      "recall": NaN
    }
  },
  "overall": {
    "precision": 0.032640949554896145,
    "recall": 0.35049019607843135,
    "f1": 0.05972019210691167,
    "tp": 286,
    "fp": 8476,
    "total_truth": 816
  },
  "acceptance_gate": {
    "snr_threshold_db": 8.0,
    "target_recall": 0.8,
    "actual_recall": 0.6308724832214765,
    "tp": 94,
    "fn": 55,
    "n_truth": 149,
    "passed": false
  }
}