{
  "buckets": {
    "<0": {
      "tp": 55,
      "fn": 292,
      "n_truth": 347,
      "recall": 0.1585014409221902
    },
    "0-5": {
      "tp": 60,
      "fn": 101,
      "n_truth": 161,
      "recall": 0.37267080745341613
    },
    "5-8": {
      "tp": 82,
      "fn": 77,
      "n_truth": 159,
      "recall": 0.5157232704402516
    },
    "8-12": {
      "tp": 59,
      "fn": 38,
      "n_truth": 97,
      "recall": 0.6082474226804123
    },
    "12-20": {
      "tp": 37,
      "fn": 15,
      "n_truth": 52,
      "recall": 0.7115384615384616
    },
    ">=20": {
      "tp": 0,
      "fn": 0,
      "n_truth": 0,
      "recall": NaN
    }
  },
  "overall": {
    "precision": 0.032450991250415326,
    "recall": 0.3590686274509804,
    "f1": 0.0595226003047232,
    "tp": 293,
    "fp": 8736,
    "total_truth": 816
  },
  "acceptance_gate": {
    "snr_threshold_db": 8.0,
    "target_recall": 0.8,
    "actual_recall": 0.6442953020134228,
    "tp": 96,
    "fn": 53,
    "n_truth": 149,
    "passed": false
  }
}