{
  "buckets": {
    "<0": {
      "tp": 52,
      "fn": 295,
      "n_truth": 347,
      "recall": 0.14985590778097982
    },
    "0-5": {
      "tp": 61,
      "fn": 100,
      "n_truth": 161,
      "recall": 0.37888198757763975
    },
    "5-8": {
      "tp": 78,
      "fn": 81,
      "n_truth": 159,
      "recall": 0.49056603773584906
    },
    "8-12": {
      "tp": 57,
      "fn": 40,
      "n_truth": 97,
      "recall": 0.5876288659793815
    },
    "12-20": {
      "tp": 33,
      "fn": 19,
      "n_truth": 52,
      "recall": 0.6346153846153846
    },
    ">=20": {
      "tp": 0,
      "fn": 0,
      "n_truth": 0,
      "recall": NaN
    }
  },
  "overall": {
    "precision": 0.028767403767403766,
    "recall": 0.3443627450980392,
    "f1": 0.05309901738473167,
    "tp": 281,
    "fp": 9487,
    "total_truth": 816
  },
  "acceptance_gate": {
    "snr_threshold_db": 8.0,
    "target_recall": 0.8,
    "actual_recall": 0.6040268456375839,
    "tp": 90,
    "fn": 59,
    "n_truth": 149,
    "passed": false
  }
}