{
  "buckets": {
    "<0": {
      "tp": 40,
      "fn": 307,
      "n_truth": 347,
      "recall": 0.11527377521613832
    },
    "0-5": {
      "tp": 44,
      "fn": 117,
      "n_truth": 161,
      "recall": 0.2732919254658385
    },
    "5-8": {
      "tp": 66,
      "fn": 93,
      "n_truth": 159,
      "recall": 0.41509433962264153
    },
    "8-12": {
      "tp": 52,
      "fn": 45,
      "n_truth": 97,
      "recall": 0.5360824742268041
    },
    "12-20": {
      "tp": 30,
      "fn": 22,
      "n_truth": 52,
      "recall": 0.5769230769230769
    },
    ">=20": {
      "tp": 0,
      "fn": 0,
      "n_truth": 0,
      "recall": NaN
    }
  },
  "overall": {
    "precision": 0.02264077290914414,
    "recall": 0.28431372549019607,
    "f1": 0.041941607158998466,
    "tp": 232,
    "fp": 10015,
    "total_truth": 816
  },
  "acceptance_gate": {
    "snr_threshold_db": 8.0,
    "target_recall": 0.8,
    "actual_recall": 0.5503355704697986,
    "tp": 82,
    "fn": 67,
    "n_truth": 149,
    "passed": false
  }
}