{
  "buckets": {
    "<0": {
      "tp": 59,
      "fn": 288,
      "n_truth": 347,
      "recall": 0.17002881844380405
    },
    "0-5": {
      "tp": 52,
      "fn": 109,
      "n_truth": 161,
      "recall": 0.32298136645962733
    },
    "5-8": {
      "tp": 78,
      "fn": 81,
      "n_truth": 159,
      "recall": 0.49056603773584906
    },
    "8-12": {
      "tp": 60,
      "fn": 37,
      "n_truth": 97,
      "recall": 0.6185567010309279
    },
    "12-20": {
      "tp": 31,
      "fn": 21,
      "n_truth": 52,
      "recall": 0.5961538461538461
    },
    ">=20": {
      "tp": 0,
      "fn": 0,
      "n_truth": 0,
      "recall": NaN
    }
  },
  "overall": {
    "precision": 0.02975557917109458,
    "recall": 0.3431372549019608,
    "f1": 0.054762370428319974,
    "tp": 280,
    "fp": 9130,
    "total_truth": 816
  },
  "acceptance_gate": {
    "snr_threshold_db": 8.0,
    "target_recall": 0.8,
    "actual_recall": 0.610738255033557,
    "tp": 91,
    "fn": 58,
    "n_truth": 149,
    "passed": false
  }
}