{
  "buckets": {
    "<0": {
      "tp": 48,
      "fn": 299,
      "n_truth": 347,
      "recall": 0.138328530259366
    },
    "0-5": {
      "tp": 58,
      "fn": 103,
      "n_truth": 161,
      "recall": 0.36024844720496896
    },
    "5-8": {
      "tp": 77,
      "fn": 82,
      "n_truth": 159,
      "recall": 0.48427672955974843
    },
    "8-12": {
      "tp": 55,
      "fn": 42,
      "n_truth": 97,
      "recall": 0.5670103092783505
    },
    "12-20": {
      "tp": 36,
      "fn": 16,
      "n_truth": 52,
      "recall": 0.6923076923076923
    },
    ">=20": {
      "tp": 0,
      "fn": 0,
      "n_truth": 0,
      "recall": NaN
    }
  },
  "overall": {
    "precision": 0.030587184639428444,
    "recall": 0.33578431372549017,
    "f1": 0.0560671168405975,
    "tp": 274,
    "fp": 8684,
    "total_truth": 816
  },
  "acceptance_gate": {
    "snr_threshold_db": 8.0,
    "target_recall": 0.8,
    "actual_recall": 0.610738255033557,
    "tp": 91,
    "fn": 58,
    "n_truth": 149,
    "passed": false
  }
}