{
  "buckets": {
    "<0": {
      "tp": 38,
      "fn": 309,
      "n_truth": 347,
      "recall": 0.10951008645533142
    },
    "0-5": {
      "tp": 43,
      "fn": 118,
      "n_truth": 161,
      "recall": 0.2670807453416149
    },
    "5-8": {
      "tp": 62,
      "fn": 97,
      "n_truth": 159,
      "recall": 0.389937106918239
    },
    "8-12": {
      "tp": 50,
      "fn": 47,
      "n_truth": 97,
      "recall": 0.5154639175257731
    },
    "12-20": {
      "tp": 30,
      "fn": 22,
      "n_truth": 52,
      "recall": 0.5769230769230769
    },
    ">=20": {
      "tp": 0,
      "fn": 0,
      "n_truth": 0,
      "recall": NaN
    }
  },
  "overall": {
    "precision": 0.020265358051617593,
    "recall": 0.27328431372549017,
    "f1": 0.0377326565143824,
    "tp": 223,
    "fp": 10781,
    "total_truth": 816
  },
  "acceptance_gate": {
    "snr_threshold_db": 8.0,
    "target_recall": 0.8,
    "actual_recall": 0.5369127516778524,
    "tp": 80,
    "fn": 69,
    "n_truth": 149,
    "passed": false
  }
}