{
  "buckets": {
    "<0": {
      "tp": 51,
      "fn": 296,
      "n_truth": 347,
      "recall": 0.14697406340057637
    },
    "0-5": {
      "tp": 48,
      "fn": 113,
      "n_truth": 161,
      "recall": 0.2981366459627329
    },
    "5-8": {
      "tp": 67,
      "fn": 92,
      "n_truth": 159,
      "recall": 0.42138364779874216
    },
    "8-12": {
      "tp": 49,
      "fn": 48,
      "n_truth": 97,
      "recall": 0.5051546391752577
    },
    "12-20": {
      "tp": 29,
      "fn": 23,
      "n_truth": 52,
      "recall": 0.5576923076923077
    },
    ">=20": {
      "tp": 0,
      "fn": 0,
      "n_truth": 0,
      "recall": NaN
    }
  },
  "overall": {
    "precision": 0.024549753496327598,
    "recall": 0.29901960784313725,
    "f1": 0.04537424453742445,
    "tp": 244,
    "fp": 9695,
    "total_truth": 816
  },
  "acceptance_gate": {
    "snr_threshold_db": 8.0,
    "target_recall": 0.8,
    "actual_recall": 0.5234899328859061,
    "tp": 78,
    "fn": 71,
    "n_truth": 149,
    "passed": false
  }
}