{
  "buckets": {
    "<0": {
      "tp": 49,
      "fn": 298,
      "n_truth": 347,
      "recall": 0.14121037463976946
    },
    "0-5": {
      "tp": 57,
      "fn": 104,
      "n_truth": 161,
      "recall": 0.35403726708074534
    },
    "5-8": {
      "tp": 81,
      "fn": 78,
      "n_truth": 159,
      "recall": 0.5094339622641509
    },
    "8-12": {
      "tp": 59,
      "fn": 38,
      "n_truth": 97,
      "recall": 0.6082474226804123
    },
    "12-20": {
      "tp": 37,
      "fn": 15,
      "n_truth": 52,
      "recall": 0.7115384615384616
    },
    ">=20": {
      "tp": 0,
      "fn": 0,
      "n_truth": 0,
      "recall": NaN
    }
  },
  "overall": {
    "precision": 0.03211165323953251,
    "recall": 0.34681372549019607,
    "f1": 0.05878076643472842,
    "tp": 283,
    "fp": 8530,
    "total_truth": 816
  },
  "acceptance_gate": {
    "snr_threshold_db": 8.0,
    "target_recall": 0.8,
    "actual_recall": 0.6442953020134228,
    "tp": 96,
    "fn": 53,
    "n_truth": 149,
    "passed": false
  }
}