{
  "evaluated_at_utc": "2026-05-24T00:07:48+00:00",
  "checkpoint": "artifacts/sprint6_ensemble/unet_seed20260605_ratio0.75/best.pt",
  "val_source": "external data/tier2_val_v2 (80 clips)",
  "class_threshold": 0.5,
  "bin_threshold": 0.001,
  "buckets": {
    "<0": {
      "tp": 69,
      "fn": 278,
      "n_truth": 347,
      "recall": 0.1988472622478386
    },
    "0-5": {
      "tp": 99,
      "fn": 62,
      "n_truth": 161,
      "recall": 0.6149068322981367
    },
    "5-8": {
      "tp": 103,
      "fn": 56,
      "n_truth": 159,
      "recall": 0.6477987421383647
    },
    "8-12": {
      "tp": 66,
      "fn": 31,
      "n_truth": 97,
      "recall": 0.6804123711340206
    },
    "12-20": {
      "tp": 45,
      "fn": 7,
      "n_truth": 52,
      "recall": 0.8653846153846154
    },
    ">=20": {
      "tp": 0,
      "fn": 0,
      "n_truth": 0,
      "recall": NaN
    }
  },
  "overall": {
    "precision": 0.07552392249901146,
    "recall": 0.4681372549019608,
    "f1": 0.13006469186244465,
    "tp": 382,
    "fp": 4676,
    "total_truth": 816
  },
  "acceptance_gate": {
    "snr_threshold_db": 8.0,
    "target_recall": 0.8,
    "actual_recall": 0.7449664429530202,
    "tp": 111,
    "fn": 38,
    "n_truth": 149,
    "passed": false
  }
}