{
  "n_seeds_measured": 3,
  "ratio": 0.75,
  "ece_mean": 0.07463590656416873,
  "ece_std": 0.010103417537884721,
  "ece_per_seed": [
    {
      "seed": 20260512,
      "ece": 0.07931803990310672
    },
    {
      "seed": 20260513,
      "ece": 0.06304079934518081
    },
    {
      "seed": 20260514,
      "ece": 0.08154888044421867
    }
  ],
  "sprint6_target_ece": 0.05,
  "measured_at_utc": "2026-05-19T18:09:35.690797+00:00"
}