{
  "buckets": {
    "<0": {
      "tp": 39,
      "fn": 308,
      "n_truth": 347,
      "recall": 0.11239193083573487
    },
    "0-5": {
      "tp": 46,
      "fn": 115,
      "n_truth": 161,
      "recall": 0.2857142857142857
    },
    "5-8": {
      "tp": 73,
      "fn": 86,
      "n_truth": 159,
      "recall": 0.4591194968553459
    },
    "8-12": {
      "tp": 53,
      "fn": 44,
      "n_truth": 97,
      "recall": 0.5463917525773195
    },
    "12-20": {
      "tp": 33,
      "fn": 19,
      "n_truth": 52,
      "recall": 0.6346153846153846
    },
    ">=20": {
      "tp": 0,
      "fn": 0,
      "n_truth": 0,
      "recall": NaN
    }
  },
  "overall": {
    "precision": 0.024268947682514422,
    "recall": 0.29901960784313725,
    "f1": 0.04489420423183073,
    "tp": 244,
    "fp": 9810,
    "total_truth": 816
  },
  "acceptance_gate": {
    "snr_threshold_db": 8.0,
    "target_recall": 0.8,
    "actual_recall": 0.5771812080536913,
    "tp": 86,
    "fn": 63,
    "n_truth": 149,
    "passed": false
  }
}