{
  "buckets": {
    "<0": {
      "tp": 31,
      "fn": 316,
      "n_truth": 347,
      "recall": 0.0893371757925072
    },
    "0-5": {
      "tp": 42,
      "fn": 119,
      "n_truth": 161,
      "recall": 0.2608695652173913
    },
    "5-8": {
      "tp": 59,
      "fn": 100,
      "n_truth": 159,
      "recall": 0.3710691823899371
    },
    "8-12": {
      "tp": 39,
      "fn": 58,
      "n_truth": 97,
      "recall": 0.4020618556701031
    },
    "12-20": {
      "tp": 22,
      "fn": 30,
      "n_truth": 52,
      "recall": 0.4230769230769231
    },
    ">=20": {
      "tp": 0,
      "fn": 0,
      "n_truth": 0,
      "recall": NaN
    }
  },
  "overall": {
    "precision": 0.019309654827413706,
    "recall": 0.23651960784313725,
    "f1": 0.035704375173434465,
    "tp": 193,
    "fp": 9802,
    "total_truth": 816
  },
  "acceptance_gate": {
    "snr_threshold_db": 8.0,
    "target_recall": 0.8,
    "actual_recall": 0.40939597315436244,
    "tp": 61,
    "fn": 88,
    "n_truth": 149,
    "passed": false
  }
}