{
  "buckets": {
    "<0": {
      "tp": 41,
      "fn": 306,
      "n_truth": 347,
      "recall": 0.11815561959654179
    },
    "0-5": {
      "tp": 43,
      "fn": 118,
      "n_truth": 161,
      "recall": 0.2670807453416149
    },
    "5-8": {
      "tp": 71,
      "fn": 88,
      "n_truth": 159,
      "recall": 0.44654088050314467
    },
    "8-12": {
      "tp": 54,
      "fn": 43,
      "n_truth": 97,
      "recall": 0.5567010309278351
    },
    "12-20": {
      "tp": 29,
      "fn": 23,
      "n_truth": 52,
      "recall": 0.5576923076923077
    },
    ">=20": {
      "tp": 0,
      "fn": 0,
      "n_truth": 0,
      "recall": NaN
    }
  },
  "overall": {
    "precision": 0.024216524216524215,
    "recall": 0.2916666666666667,
    "f1": 0.04472003006388575,
    "tp": 238,
    "fp": 9590,
    "total_truth": 816
  },
  "acceptance_gate": {
    "snr_threshold_db": 8.0,
    "target_recall": 0.8,
    "actual_recall": 0.5570469798657718,
    "tp": 83,
    "fn": 66,
    "n_truth": 149,
    "passed": false
  }
}