{
  "buckets": {
    "<0": {
      "tp": 53,
      "fn": 294,
      "n_truth": 347,
      "recall": 0.15273775216138327
    },
    "0-5": {
      "tp": 53,
      "fn": 108,
      "n_truth": 161,
      "recall": 0.32919254658385094
    },
    "5-8": {
      "tp": 76,
      "fn": 83,
      "n_truth": 159,
      "recall": 0.4779874213836478
    },
    "8-12": {
      "tp": 59,
      "fn": 38,
      "n_truth": 97,
      "recall": 0.6082474226804123
    },
    "12-20": {
      "tp": 34,
      "fn": 18,
      "n_truth": 52,
      "recall": 0.6538461538461539
    },
    ">=20": {
      "tp": 0,
      "fn": 0,
      "n_truth": 0,
      "recall": NaN
    }
  },
  "overall": {
    "precision": 0.030508098513423565,
    "recall": 0.33700980392156865,
    "f1": 0.05595116988809766,
    "tp": 275,
    "fp": 8739,
    "total_truth": 816
  },
  "acceptance_gate": {
    "snr_threshold_db": 8.0,
    "target_recall": 0.8,
    "actual_recall": 0.6241610738255033,
    "tp": 93,
    "fn": 56,
    "n_truth": 149,
    "passed": false
  }
}