{
  "buckets": {
    "<0": {
      "tp": 47,
      "fn": 300,
      "n_truth": 347,
      "recall": 0.13544668587896252
    },
    "0-5": {
      "tp": 44,
      "fn": 117,
      "n_truth": 161,
      "recall": 0.2732919254658385
    },
    "5-8": {
      "tp": 65,
      "fn": 94,
      "n_truth": 159,
      "recall": 0.4088050314465409
    },
    "8-12": {
      "tp": 49,
      "fn": 48,
      "n_truth": 97,
      "recall": 0.5051546391752577
    },
    "12-20": {
      "tp": 30,
      "fn": 22,
      "n_truth": 52,
      "recall": 0.5769230769230769
    },
    ">=20": {
      "tp": 0,
      "fn": 0,
      "n_truth": 0,
      "recall": NaN
    }
  },
  "overall": {
    "precision": 0.022683397683397683,
    "recall": 0.28799019607843135,
    "f1": 0.04205440229062277,
    "tp": 235,
    "fp": 10125,
    "total_truth": 816
  },
  "acceptance_gate": {
    "snr_threshold_db": 8.0,
    "target_recall": 0.8,
    "actual_recall": 0.5302013422818792,
    "tp": 79,
    "fn": 70,
    "n_truth": 149,
    "passed": false
  }
}