{
  "buckets": {
    "<0": {
      "tp": 41,
      "fn": 306,
      "n_truth": 347,
      "recall": 0.11815561959654179
    },
    "0-5": {
      "tp": 43,
      "fn": 118,
      "n_truth": 161,
      "recall": 0.2670807453416149
    },
    "5-8": {
      "tp": 70,
      "fn": 89,
      "n_truth": 159,
      "recall": 0.44025157232704404
    },
    "8-12": {
      "tp": 47,
      "fn": 50,
      "n_truth": 97,
      "recall": 0.4845360824742268
    },
    "12-20": {
      "tp": 31,
      "fn": 21,
      "n_truth": 52,
      "recall": 0.5961538461538461
    },
    ">=20": {
      "tp": 0,
      "fn": 0,
      "n_truth": 0,
      "recall": NaN
    }
  },
  "overall": {
    "precision": 0.02220733224849239,
    "recall": 0.28431372549019607,
    "f1": 0.04119683920802628,
    "tp": 232,
    "fp": 10215,
    "total_truth": 816
  },
  "acceptance_gate": {
    "snr_threshold_db": 8.0,
    "target_recall": 0.8,
    "actual_recall": 0.5234899328859061,
    "tp": 78,
    "fn": 71,
    "n_truth": 149,
    "passed": false
  }
}