{
  "buckets": {
    "<0": {
      "tp": 51,
      "fn": 296,
      "n_truth": 347,
      "recall": 0.14697406340057637
    },
    "0-5": {
      "tp": 50,
      "fn": 111,
      "n_truth": 161,
      "recall": 0.3105590062111801
    },
    "5-8": {
      "tp": 71,
      "fn": 88,
      "n_truth": 159,
      "recall": 0.44654088050314467
    },
    "8-12": {
      "tp": 58,
      "fn": 39,
      "n_truth": 97,
      "recall": 0.5979381443298969
    },
    "12-20": {
      "tp": 31,
      "fn": 21,
      "n_truth": 52,
      "recall": 0.5961538461538461
    },
    ">=20": {
      "tp": 0,
      "fn": 0,
      "n_truth": 0,
      "recall": NaN
    }
  },
  "overall": {
    "precision": 0.026843566800370255,
    "recall": 0.31985294117647056,
    "f1": 0.04953031596925704,
    "tp": 261,
    "fp": 9462,
    "total_truth": 816
  },
  "acceptance_gate": {
    "snr_threshold_db": 8.0,
    "target_recall": 0.8,
    "actual_recall": 0.5973154362416108,
    "tp": 89,
    "fn": 60,
    "n_truth": 149,
    "passed": false
  }
}