{
  "buckets": {
    "<0": {
      "tp": 42,
      "fn": 305,
      "n_truth": 347,
      "recall": 0.12103746397694524
    },
    "0-5": {
      "tp": 50,
      "fn": 111,
      "n_truth": 161,
      "recall": 0.3105590062111801
    },
    "5-8": {
      "tp": 71,
      "fn": 88,
      "n_truth": 159,
      "recall": 0.44654088050314467
    },
    "8-12": {
      "tp": 54,
      "fn": 43,
      "n_truth": 97,
      "recall": 0.5567010309278351
    },
    "12-20": {
      "tp": 28,
      "fn": 24,
      "n_truth": 52,
      "recall": 0.5384615384615384
    },
    ">=20": {
      "tp": 0,
      "fn": 0,
      "n_truth": 0,
      "recall": NaN
    }
  },
  "overall": {
    "precision": 0.02406679764243615,
    "recall": 0.3002450980392157,
    "f1": 0.04456165878501274,
    "tp": 245,
    "fp": 9935,
    "total_truth": 816
  },
  "acceptance_gate": {
    "snr_threshold_db": 8.0,
    "target_recall": 0.8,
    "actual_recall": 0.5503355704697986,
    "tp": 82,
    "fn": 67,
    "n_truth": 149,
    "passed": false
  }
}