{
  "buckets": {
    "<0": {
      "tp": 50,
      "fn": 297,
      "n_truth": 347,
      "recall": 0.1440922190201729
    },
    "0-5": {
      "tp": 52,
      "fn": 109,
      "n_truth": 161,
      "recall": 0.32298136645962733
    },
    "5-8": {
      "tp": 71,
      "fn": 88,
      "n_truth": 159,
      "recall": 0.44654088050314467
    },
    "8-12": {
      "tp": 55,
      "fn": 42,
      "n_truth": 97,
      "recall": 0.5670103092783505
    },
    "12-20": {
      "tp": 31,
      "fn": 21,
      "n_truth": 52,
      "recall": 0.5961538461538461
    },
    ">=20": {
      "tp": 0,
      "fn": 0,
      "n_truth": 0,
      "recall": NaN
    }
  },
  "overall": {
    "precision": 0.02587154130456498,
    "recall": 0.3174019607843137,
    "f1": 0.04784335457652166,
    "tp": 259,
    "fp": 9752,
    "total_truth": 816
  },
  "acceptance_gate": {
    "snr_threshold_db": 8.0,
    "target_recall": 0.8,
    "actual_recall": 0.5771812080536913,
    "tp": 86,
    "fn": 63,
    "n_truth": 149,
    "passed": false
  }
}